{
  "formatVersion": 1,
  "database": {
    "version": 1,
    "identityHash": "3830dbfb036cf560a2593467b9b9922e",
    "entities": [
      {
        "tableName": "users",
        "createSql": "CREATE TABLE IF NOT EXISTS `${TABLE_NAME}` (`login` TEXT NOT NULL, `display_name` TEXT, `user_creation_date` INTEGER, `User_modification_date` INTEGER, PRIMARY KEY(`login`))",
        "fields": [
          {
            "fieldPath": "login",
            "columnName": "login",
            "affinity": "TEXT",
            "notNull": true
          },
          {
            "fieldPath": "displayName",
            "columnName": "display_name",
            "affinity": "TEXT",
            "notNull": false
          },
          {
            "fieldPath": "creationDate",
            "columnName": "user_creation_date",
            "affinity": "INTEGER",
            "notNull": false
          },
          {
            "fieldPath": "modificationDate",
            "columnName": "User_modification_date",
            "affinity": "INTEGER",
            "notNull": false
          }
        ],
        "primaryKey": {
          "columnNames": [
            "login"
          ],
          "autoGenerate": false
        },
        "indices": [
          {
            "name": "index_users_login",
            "unique": true,
            "columnNames": [
              "login"
            ],
            "createSql": "CREATE UNIQUE INDEX IF NOT EXISTS `index_users_login` ON `${TABLE_NAME}` (`login`)"
          }
        ],
        "foreignKeys": []
      },
      {
        "tableName": "products",
        "createSql": "CREATE TABLE IF NOT EXISTS `${TABLE_NAME}` (`product_id` INTEGER PRIMARY KEY AUTOINCREMENT NOT NULL, `product_name` TEXT NOT NULL, `product_description` TEXT, `creation_date` INTEGER, `modification_date` INTEGER)",
        "fields": [
          {
            "fieldPath": "id",
            "columnName": "product_id",
            "affinity": "INTEGER",
            "notNull": true
          },
          {
            "fieldPath": "name",
            "columnName": "product_name",
            "affinity": "TEXT",
            "notNull": true
          },
          {
            "fieldPath": "description",
            "columnName": "product_description",
            "affinity": "TEXT",
            "notNull": false
          },
          {
            "fieldPath": "creationDate",
            "columnName": "creation_date",
            "affinity": "INTEGER",
            "notNull": false
          },
          {
            "fieldPath": "modificationDate",
            "columnName": "modification_date",
            "affinity": "INTEGER",
            "notNull": false
          }
        ],
        "primaryKey": {
          "columnNames": [
            "product_id"
          ],
          "autoGenerate": true
        },
        "indices": [
          {
            "name": "index_products_product_name",
            "unique": true,
            "columnNames": [
              "product_name"
            ],
            "createSql": "CREATE UNIQUE INDEX IF NOT EXISTS `index_products_product_name` ON `${TABLE_NAME}` (`product_name`)"
          }
        ],
        "foreignKeys": []
      },
      {
        "tableName": "shopping_lists",
        "createSql": "CREATE TABLE IF NOT EXISTS `${TABLE_NAME}` (`list_id` INTEGER PRIMARY KEY AUTOINCREMENT NOT NULL, `list_name` TEXT NOT NULL, `products` TEXT, `product_creation_date` INTEGER, `product_modification_date` INTEGER, `login` TEXT, `display_name` TEXT, `user_creation_date` INTEGER, `User_modification_date` INTEGER)",
        "fields": [
          {
            "fieldPath": "id",
            "columnName": "list_id",
            "affinity": "INTEGER",
            "notNull": true
          },
          {
            "fieldPath": "name",
            "columnName": "list_name",
            "affinity": "TEXT",
            "notNull": true
          },
          {
            "fieldPath": "products",
            "columnName": "products",
            "affinity": "TEXT",
            "notNull": false
          },
          {
            "fieldPath": "creationDate",
            "columnName": "product_creation_date",
            "affinity": "INTEGER",
            "notNull": false
          },
          {
            "fieldPath": "modificationDate",
            "columnName": "product_modification_date",
            "affinity": "INTEGER",
            "notNull": false
          },
          {
            "fieldPath": "owner.login",
            "columnName": "login",
            "affinity": "TEXT",
            "notNull": false
          },
          {
            "fieldPath": "owner.displayName",
            "columnName": "display_name",
            "affinity": "TEXT",
            "notNull": false
          },
          {
            "fieldPath": "owner.creationDate",
            "columnName": "user_creation_date",
            "affinity": "INTEGER",
            "notNull": false
          },
          {
            "fieldPath": "owner.modificationDate",
            "columnName": "User_modification_date",
            "affinity": "INTEGER",
            "notNull": false
          }
        ],
        "primaryKey": {
          "columnNames": [
            "list_id"
          ],
          "autoGenerate": true
        },
        "indices": [],
        "foreignKeys": []
      }
    ],
    "views": [],
    "setupQueries": [
      "CREATE TABLE IF NOT EXISTS room_master_table (id INTEGER PRIMARY KEY,identity_hash TEXT)",
      "INSERT OR REPLACE INTO room_master_table (id,identity_hash) VALUES(42, '3830dbfb036cf560a2593467b9b9922e')"
    ]
  }
}